Ingredientes,Cantidad
Alfredo Sauce,14
Anchovies,19
Artichoke,116
Arugula,20
Asiago Cheese,48
Bacon,44
Barbecue Sauce,36
Barbecued Chicken,36
Beef Chuck Roast,27
Blue Cheese,28
Brie Carre Cheese,3
Calabrese Salami,29
Capocollo,106
Caramelized Onions,3
Chicken,131
Chipotle Sauce,55
Chorizo Sausage,13
Cilantro,55
Coarse Sicilian Salami,26
Corn,55
Eggplant,12
Feta Cheese,70
Fontina Cheese,48
Friggitello Peppers,14
Garlic,426
Genoa Salami,22
Goat Cheese,54
Gorgonzola Piccante Cheese,34
Gouda Cheese,34
Green Olives,85
Green Peppers,74
Italian Sausage,13
Jalapeno Peppers,89
Kalamata Olives,52
Luganega Sausage,26
Mozzarella Cheese,163
Mushrooms,127
Onions,26
Oregano,22
Pancetta,14
Parmigiano Reggiano Cheese,34
Pears,3
Peperoncini verdi,31
Pepperoni,129
Pesto Sauce,39
Pineapple,70
Plum Tomatoes,13
Prosciutto,3
Prosciutto di San Daniele,20
Provolone Cheese,28
Red Onions,293
Red Peppers,244
Ricotta Cheese,34
Romano Cheese,28
Sliced Ham,32
Smoked Gouda Cheese,28
Soppressata Salami,14
Spinach,136
Sun-dried Tomatoes,25
Thai Sweet Chilli Sauce,37
Thyme,3
Tomatoes,405
Zucchini,32
Anduja Salami,14
